Metric,Δ (Proposed−Compact),Origin-block 95% CI,Target-date-block 95% CI
MAE/std,+0.0125,"[-0.0271, +0.0490]","[-0.0191, +0.0523]"
RMSE/std,-0.0002,"[-0.0617, +0.0518]","[-0.0594, +0.0569]"
FPR,+0.0372,"[+0.0044, +0.0759]","[+0.0051, +0.0655]"
FNR,-0.0736,"[-0.1821, -0.0172]","[-0.1593, -0.0201]"
F1_active,+0.0301,"[+0.0065, +0.0813]","[+0.0017, +0.0686]"
F1_zero,-0.0109,"[-0.0257, +0.0014]","[-0.0240, +0.0027]"
J_0.25,-0.0113,"[-0.0229, -0.0031]","[-0.0220, -0.0013]"
J_0.50,-0.0043,"[-0.0122, +0.0036]","[-0.0150, +0.0064]"
J_1.00,+0.0097,"[-0.0045, +0.0304]","[-0.0077, +0.0285]"
J_4.00,+0.0935,"[+0.0060, +0.2127]","[+0.0055, +0.1828]"
